ProductID,ProductName,Category,Price,Supplier
PROD000,Drive,Electronics,209.25,"Brown, Choi and Mcintosh"
PROD001,Fire,Groceries,189.15,Fitzpatrick-Ray
PROD002,Western,Clothing,389.32,Rice Inc
PROD003,None,Books,173.7,"Thomas, Ryan and Blanchard"
PROD004,Many,Sports,465.72,Mendez-Phillips
PROD005,Decision,Clothing,429.91,"Mora, Morse and Wise"
PROD006,Season,Groceries,217.35,Pruitt-Martin
PROD007,Accept,Sports,376.68,"Fleming, Acevedo and Hughes"
PROD008,All,Home & Kitchen,378.5,"Hernandez, Hernandez and Hull"
PROD009,Everybody,Groceries,56.05,Turner and Sons
PROD010,Unit,Books,451.76,"Hebert, Jones and Vazquez"
PROD011,Computer,Home & Kitchen,255.1,"Davis, Williams and Coleman"
PROD012,Nature,Home & Kitchen,414.1,"Webster, Marshall and Morales"
PROD013,On,Groceries,163.42,"Sullivan, Phillips and Cervantes"
PROD014,Including,Books,448.28,"Hernandez, Arias and Hernandez"
PROD015,From,Sports,197.65,Robbins-Smith
PROD016,Budget,Home & Kitchen,10.36,Brewer-Singh
PROD017,Time,Groceries,453.16,Buckley Ltd
PROD018,Story,Groceries,50.19,Barber-Hughes
PROD019,Difficult,Sports,163.06,Anderson and Sons
PROD020,Send,Books,475.28,Kim-Gregory
PROD021,Financial,Groceries,475.55,Jones-Park
PROD022,Image,Groceries,288.85,"Cooke, Kidd and Santana"
PROD023,Ok,Groceries,317.76,"Zamora, Miller and English"
PROD024,Share,Clothing,226.98,Holmes Group
PROD025,While,Electronics,150.14,Sanchez-Shah
PROD026,Figure,Sports,167.69,Schneider-Lozano
PROD027,Country,Clothing,337.9,Murray LLC
PROD028,Term,Groceries,377.43,"Martinez, Griffin and Vazquez"
PROD029,Responsibility,Electronics,396.83,"Ware, Camacho and Rodriguez"
PROD030,Of,Sports,395.86,"Larson, Johnson and Tucker"
PROD031,Process,Home & Kitchen,50.15,"Riddle, Brown and Greene"
PROD032,Sport,Sports,249.74,Skinner-Smith
PROD033,War,Clothing,33.49,"Leonard, Mcbride and Maynard"
PROD034,Everything,Clothing,277.02,"Marquez, Williams and Ferguson"
PROD035,Nature,Clothing,223.56,Clay-Shea
PROD036,Write,Sports,444.41,Fletcher-Johnson
PROD037,Force,Books,178.7,Johnson-Miller
PROD038,Foot,Groceries,62.95,Vargas PLC
PROD039,Meeting,Sports,75.78,King and Sons
PROD040,Line,Home & Kitchen,381.95,Kirk Inc
PROD041,Military,Home & Kitchen,311.02,Ferguson-Allen
PROD042,Involve,Home & Kitchen,55.06,Lee-Young
PROD043,More,Groceries,46.63,Daugherty LLC
PROD044,Box,Electronics,351.98,Dunn-Brock
PROD045,Family,Clothing,41.02,Gonzales-Jones
PROD046,Low,Groceries,411.82,Holmes PLC
PROD047,Apply,Clothing,354.59,Welch-Turner
PROD048,We,Groceries,45.27,Brooks Group
PROD049,Cut,Clothing,46.99,"Bailey, Roberts and Gonzales"
PROD050,Save,Groceries,493.39,"Foster, Hall and Gibson"
PROD051,Sure,Electronics,190.26,Blankenship Group
PROD052,Economy,Sports,188.47,Smith LLC
PROD053,Nothing,Home & Kitchen,407.34,Simpson and Sons
PROD054,Voice,Clothing,473.89,West Group
PROD055,Determine,Groceries,493.07,Bowman Group
PROD056,Early,Electronics,377.92,"Farrell, Sparks and Wood"
PROD057,Part,Electronics,191.25,Sullivan and Sons
PROD058,Act,Home & Kitchen,46.33,"Howard, Stewart and Lynn"
PROD059,Determine,Groceries,389.69,Stephens Inc
PROD060,Citizen,Sports,281.41,Mitchell Ltd
PROD061,Long,Clothing,214.99,Powers-Fuller
PROD062,Important,Sports,453.65,Barnett-Young
PROD063,Or,Books,60.04,Macias-Velez
PROD064,Until,Electronics,248.85,Roberson LLC
PROD065,Use,Electronics,10.62,"Smith, White and Reeves"
PROD066,Sea,Home & Kitchen,236.99,"Rollins, Hernandez and Perez"
PROD067,Professor,Groceries,32.87,Christensen-Ellis
PROD068,Break,Books,63.81,Williams LLC
PROD069,Answer,Books,63.18,Carlson and Sons
PROD070,Hard,Books,326.36,Bryant LLC
PROD071,Trip,Groceries,374.29,Jones-Long
PROD072,That,Clothing,293.77,Hernandez-Smith
PROD073,Note,Electronics,481.28,Strong and Sons
PROD074,Nature,Groceries,190.56,Vasquez and Sons
PROD075,Someone,Books,146.43,Kelly-Reese
PROD076,Power,Electronics,434.96,Jackson Ltd
PROD077,Consumer,Electronics,115.68,Smith PLC
PROD078,Number,Books,481.8,Mcintyre Ltd
PROD079,Civil,Books,11.02,"Rivera, Barnes and Wilson"
PROD080,Whom,Electronics,485.09,"Robinson, Rose and Johnston"
PROD081,Wish,Home & Kitchen,26.36,"Spencer, Mcclain and Wall"
PROD082,Beautiful,Sports,446.12,Wiggins Inc
PROD083,Environmental,Sports,266.21,"Nielsen, Hess and Hill"
PROD084,Act,Electronics,496.52,Davenport-Kelley
PROD085,Black,Clothing,41.53,"Ramirez, Ferguson and Bray"
PROD086,Vote,Clothing,279.16,Duarte-Solomon
PROD087,Four,Home & Kitchen,484.8,Crosby LLC
PROD088,Cell,Groceries,263.93,Russell-Smith
PROD089,Drug,Electronics,316.55,"Fields, James and Sanchez"
PROD090,Huge,Clothing,349.4,Osborn-Wood
PROD091,Eat,Electronics,230,Howard Ltd
PROD092,Everything,Home & Kitchen,315.64,Lopez-Oliver
PROD093,Movie,Books,294.24,"Lin, Dodson and Singleton"
PROD094,Left,Home & Kitchen,451.07,"Mcclain, Ayala and Camacho"
PROD095,Couple,Home & Kitchen,27.5,Lewis-Cox
PROD096,Bed,Home & Kitchen,144.08,"Miller, Wright and Rich"
PROD097,Fire,Clothing,475.45,Martinez Inc
PROD098,Will,Home & Kitchen,445.68,Hurley and Sons
PROD099,Officer,Books,230.55,Sherman and Sons
